UPC,Product Type,Stock
a897fe39b1053632,Books,In stock (22 available)
3b1c02bac2a429e6,Books,In stock (19 available)
ce6396b0f23f6ecc,Books,In stock (19 available)
feb7cc7701ecf901,Books,In stock (19 available)
a34ba96d4081e6a4,Books,In stock (19 available)
deda3e61b9514b83,Books,In stock (19 available)
a18a4f574854aced,Books,In stock (19 available)
e30f54cea9b38190,Books,In stock (19 available)
a22124811bfa8350,Books,In stock (19 available)
30a7f60cd76ca58c,Books,In stock (19 available)
0312262ecafa5a40,Books,In stock (19 available)
4165285e1663650f,Books,In stock (20 available)
2597b5a345f45e1b,Books,In stock (19 available)
e10e1e165dc8be4a,Books,In stock (19 available)
1dfe412b8ac00530,Books,In stock (19 available)
f77dbf2323deb740,Books,In stock (19 available)
e72a5dfc7e9267b2,Books,In stock (19 available)
e00eb4fd7b871a48,Books,In stock (20 available)
6957f44c3847a760,Books,In stock (20 available)
90fa61229261140a,Books,In stock (20 available)
23356462d1320d61,Books,In stock (19 available)
327f68a59745c102,Books,In stock (19 available)
5dada2b7be26bd03,Books,In stock (18 available)
6258a1f6a6dcfe50,Books,In stock (18 available)
3c039985229453bf,Books,In stock (18 available)
ccd9ffa25efabdea,Books,In stock (18 available)
4c28def39d850cdf,Books,In stock (18 available)
c7d160c2c0de586f,Books,In stock (19 available)
904208d6aa64b655,Books,In stock (19 available)
9528d0948525bf5f,Books,In stock (19 available)
00bfed9e18bb36f3,Books,In stock (19 available)
c2e46a2ee3b4a322,Books,In stock (19 available)
5674a18a29a43ced,Books,In stock (19 available)
55f9da0c5eea2e10,Books,In stock (17 available)
094b269567e1c300,Books,In stock (18 available)
be5cc846f45496fb,Books,In stock (18 available)
19ed25f4641d5efd,Books,In stock (18 available)
9f6568e9c95f60b0,Books,In stock (18 available)
6be3beb0793a53e7,Books,In stock (18 available)
668fe56b17cfcd4f,Books,In stock (18 available)
b5ea0b5dabed25a8,Books,In stock (16 available)
709822d0b5bcb7f4,Books,In stock (16 available)
51653ef291ab7ddc,Books,In stock (16 available)
7858914fad68493c,Books,In stock (16 available)
4eed62cf5f8d8edf,Books,In stock (16 available)
09555be379ad9253,Books,In stock (16 available)
9a9d6e9bc555731e,Books,In stock (16 available)
7ae099f3898e0209,Books,In stock (16 available)
657fe5ead67a7767,Books,In stock (16 available)
d170b5a0da46380e,Books,In stock (16 available)
8d455c7539795d2a,Books,In stock (16 available)
3ecb690d1542c568,Books,In stock (16 available)
acddfeab2a407640,Books,In stock (16 available)
5ee94540d0749ea0,Books,In stock (16 available)
cedf82b5086e4691,Books,In stock (16 available)
142d767a56a9254d,Books,In stock (16 available)
c27f6e1f185b0383,Books,In stock (17 available)
b12b89017878a60d,Books,In stock (17 available)
b4fd5943413e089a,Books,In stock (17 available)
c8f7f0cb1abb9cac,Books,In stock (17 available)
aadee1c326d286e3,Books,In stock (16 available)
31075275518532d7,Books,In stock (16 available)
8c9e6bf2467d740d,Books,In stock (16 available)
0da9aa9d24677fc0,Books,In stock (16 available)
d01ac97e2b8947c2,Books,In stock (16 available)
7d385d34d12e60ff,Books,In stock (16 available)
c82a3e358c773c73,Books,In stock (16 available)
d7310206583a54b6,Books,In stock (16 available)
c849f0b2f5d6a742,Books,In stock (16 available)
e6af5bf1163c1151,Books,In stock (16 available)
87b0615b6e1f4d7b,Books,In stock (16 available)
53a3d11bb568cc8b,Books,In stock (16 available)
7d6d2a6c0276f81b,Books,In stock (16 available)
6f78a0d744c35456,Books,In stock (16 available)
a3d2a4250807f1e9,Books,In stock (16 available)
80cfab6bcff3a244,Books,In stock (16 available)
a30b270e25489e5c,Books,In stock (16 available)
43c6a960757cf559,Books,In stock (16 available)
bd261725b99f5983,Books,In stock (16 available)
acd86a5426e21ca0,Books,In stock (16 available)
9ffa38d3b832433a,Books,In stock (16 available)
b757c0c361e689ce,Books,In stock (16 available)
3c346ab1e76ae1f6,Books,In stock (16 available)
460089f796fb3f82,Books,In stock (16 available)
784bc2279baa878d,Books,In stock (16 available)
72f9d5be3472d34e,Books,In stock (16 available)
b6ee99bcf06fc91f,Books,In stock (16 available)
fa9610a50a1bf149,Books,In stock (16 available)
9429b4d59c537af5,Books,In stock (16 available)
889139b8e9c4cb36,Books,In stock (16 available)
11809b1d323b3057,Books,In stock (16 available)
7392c0032f92d816,Books,In stock (16 available)
0e691eda369f4e09,Books,In stock (16 available)
e80f8e518b300dfe,Books,In stock (16 available)
0fa6dceead7ce47a,Books,In stock (16 available)
b136b1b180ca753a,Books,In stock (16 available)
18ad3ed896c7ce05,Books,In stock (16 available)
228f74b74f3a08ae,Books,In stock (16 available)
57e5a4d515c8ce44,Books,In stock (16 available)
7b75cc7f223791f4,Books,In stock (16 available)
9e28048cea8d41f7,Books,In stock (16 available)
7add3f8e49ec0826,Books,In stock (16 available)
8754c83ab2a7ae71,Books,In stock (16 available)
7267864328ae8b9d,Books,In stock (16 available)
311c0dd0e354a33e,Books,In stock (16 available)
7b599c8bfcdd8d30,Books,In stock (16 available)
fce19f9b4a943f22,Books,In stock (16 available)
09b6cc87e62c2c58,Books,In stock (16 available)
9beb96a2300109d7,Books,In stock (16 available)
f2df3bb043a8abb0,Books,In stock (16 available)
1c89ae5bb804e4de,Books,In stock (16 available)
a6f99b9e687f9d46,Books,In stock (16 available)
8d4eefad7a2b3915,Books,In stock (16 available)
2a97cffe61c3c4c7,Books,In stock (16 available)
e4f74c16de34d440,Books,In stock (16 available)
6d5300b2d8f37e07,Books,In stock (16 available)
bdf415fd484ea8a7,Books,In stock (16 available)
74baabfc8fd84b38,Books,In stock (16 available)
5ceb951f629700a2,Books,In stock (16 available)
bee3672891cca906,Books,In stock (16 available)
01d2001ac1e6f8a3,Books,In stock (16 available)
842790dfaa937484,Books,In stock (16 available)
3a6fb983e2554023,Books,In stock (16 available)
f733e8c19d40ec2e,Books,In stock (16 available)
9270575728a13a61,Books,In stock (15 available)
796c87ddbbaaf8c5,Books,In stock (15 available)
8a380641491d43ed,Books,In stock (16 available)
e4ac92d89b946781,Books,In stock (16 available)
70ed59f194b3c556,Books,In stock (16 available)
38d45839cb1c83c1,Books,In stock (16 available)
3bebf34ee9330cbd,Books,In stock (15 available)
f5a92cff83897d48,Books,In stock (15 available)
fd3a622648667296,Books,In stock (15 available)
623e1a180426039b,Books,In stock (15 available)
37c0cb19713d8dda,Books,In stock (15 available)
de3f25248ba0789f,Books,In stock (15 available)
bc2a85fd35fdc7bd,Books,In stock (15 available)
d7d6d50c1e3d0b81,Books,In stock (15 available)
590a9cccf7db9f7d,Books,In stock (15 available)
b8736690cf263a3c,Books,In stock (15 available)
8ec14b1576cb7cb5,Books,In stock (15 available)
c7b5183f4d1d4efe,Books,In stock (15 available)
790ef197c8f236f5,Books,In stock (15 available)
209adad1015af86f,Books,In stock (15 available)
e98a4efa85070c2f,Books,In stock (15 available)
e4c7f3487d17fd42,Books,In stock (15 available)
99ff4cc6491e8f5c,Books,In stock (15 available)
0651062381f0636a,Books,In stock (15 available)
d6361d16212664ed,Books,In stock (15 available)
961f18db4f138211,Books,In stock (15 available)
42d0d7c92b75fc1c,Books,In stock (15 available)
d6670dfe3e7b42bd,Books,In stock (15 available)
96a38e7c813d8f1d,Books,In stock (15 available)
2dbb7ec08cdd7f3c,Books,In stock (15 available)
e956d67c9bcc5809,Books,In stock (15 available)
9287e238d7c3b06e,Books,In stock (15 available)
eac1a180047ad54e,Books,In stock (15 available)
abeafe151a587d3b,Books,In stock (15 available)
08db62f24627e71f,Books,In stock (15 available)
e28e330cbdf01126,Books,In stock (15 available)
1b33663ad7b95fd8,Books,In stock (15 available)
ca71e72655bece85,Books,In stock (15 available)
2a70769cdc6eb8b8,Books,In stock (15 available)
56e4f9eab2e8e674,Books,In stock (15 available)
203b7f94b7d6115f,Books,In stock (15 available)
c99761a700ade23f,Books,In stock (15 available)
e7469e22b5bfb3e7,Books,In stock (15 available)
dd047728de72ad62,Books,In stock (15 available)
efc3768127714ec3,Books,In stock (15 available)
a40723994f715420,Books,In stock (15 available)
50b8f80311b31ede,Books,In stock (15 available)
cfeb1e1e0e695b58,Books,In stock (15 available)
31001a1210623bd4,Books,In stock (15 available)
d9c643fa1fc57bdb,Books,In stock (15 available)
b53db2271c9624f7,Books,In stock (15 available)
e656e280bc8edd56,Books,In stock (15 available)
1c929cfd16b71907,Books,In stock (15 available)
ad04ad9fc179fc5d,Books,In stock (15 available)
0c27e6c3744fc14b,Books,In stock (15 available)
0e0dcc3339602b28,Books,In stock (15 available)
c1afd71fc86bf682,Books,In stock (15 available)
4ce91d31c1e57c33,Books,In stock (15 available)
ba54932df84e8cea,Books,In stock (15 available)
ce60436f52c5ee68,Books,In stock (15 available)
116a2fdc9a45bab0,Books,In stock (15 available)
fd8585283fc7d2d7,Books,In stock (15 available)
d163dd6c352fbcd2,Books,In stock (15 available)
4aa03792b50f0b22,Books,In stock (15 available)
d69dd8dac66f9f84,Books,In stock (15 available)
af96613fdd793a3c,Books,In stock (15 available)
caf4fe9311f1dc59,Books,In stock (15 available)
6ffb36aaeff1c81e,Books,In stock (15 available)
46c1530d7546ea6d,Books,In stock (15 available)
3a11bb962ff45b78,Books,In stock (15 available)
f6d967cdadc6fbd9,Books,In stock (15 available)
29c0025455f8c585,Books,In stock (15 available)
edb3097e71330040,Books,In stock (15 available)
65d034adf80834b7,Books,In stock (15 available)
2f88b08bf0a0e367,Books,In stock (15 available)
8585760646e3aa2a,Books,In stock (15 available)
513271dadc1322ae,Books,In stock (15 available)
88c21fcd38e2486e,Books,In stock (15 available)
3b9a3b4624b7fd6d,Books,In stock (15 available)
a57b1dcbd6849222,Books,In stock (15 available)
919e7cb2269a25d2,Books,In stock (15 available)
1f329c2e7d7de8bd,Books,In stock (15 available)
3fb15ace50d6142b,Books,In stock (14 available)
047097293bb4d1c0,Books,In stock (14 available)
dd5bfa6cc2c0ecc3,Books,In stock (14 available)
024387ca4cafd5cc,Books,In stock (14 available)
d195e7f4ed697350,Books,In stock (15 available)
ffd54178acc9a6a5,Books,In stock (15 available)
7ebfa6c1bee69e1e,Books,In stock (15 available)
d24b829be2ca81c4,Books,In stock (15 available)
05f7c6d9a4e582d3,Books,In stock (15 available)
bb8245f52c7cce8f,Books,In stock (15 available)
2b5054a4192e9b06,Books,In stock (14 available)
47271d8e08b5d31c,Books,In stock (15 available)
7edc0527cf782e19,Books,In stock (15 available)
3f69e667a67e54d9,Books,In stock (15 available)
34c0d7c4ee5650af,Books,In stock (14 available)
f0f38174a7e689a3,Books,In stock (14 available)
08b2f71d93836313,Books,In stock (14 available)
6e44bcbeac7f4360,Books,In stock (14 available)
c5cb9f885d8b3621,Books,In stock (14 available)
e9906e2f0d189745,Books,In stock (14 available)
6875c5657661b2fb,Books,In stock (14 available)
1d6443ffba9dfd80,Books,In stock (14 available)
76c84daa539426e2,Books,In stock (14 available)
aba2db9afb1469c7,Books,In stock (14 available)
6fd646a334e6e133,Books,In stock (14 available)
4a1debca3135ff37,Books,In stock (14 available)
6a31307a81e8f3a8,Books,In stock (14 available)
92275cedf6d8ee15,Books,In stock (14 available)
44a10f1ac8ce822e,Books,In stock (14 available)
012094e90a4b908d,Books,In stock (14 available)
e88fb1c9397cfb27,Books,In stock (14 available)
1528279aec1f3dce,Books,In stock (14 available)
00c4543ec6bd25b4,Books,In stock (14 available)
081305e6df719dff,Books,In stock (14 available)
f72f61ad6a5f12ed,Books,In stock (14 available)
3bc89353f7e3a3cc,Books,In stock (14 available)
4e812d32d64e2431,Books,In stock (14 available)
2d88a31f325dfd3b,Books,In stock (14 available)
4881cc53f6c8892f,Books,In stock (14 available)
f21effc079a2b38a,Books,In stock (14 available)
992974ba6a0536ea,Books,In stock (14 available)
52cf2a5933ec5d8f,Books,In stock (14 available)
ddc8340dabc8641b,Books,In stock (14 available)
6bdd909329435e80,Books,In stock (14 available)
0c7b9cf2b7662b65,Books,In stock (14 available)
2c04320e110a14a3,Books,In stock (14 available)
2d1e337aaf341858,Books,In stock (14 available)
1b8187fa4bf6ab05,Books,In stock (14 available)
923831a05c9f91f7,Books,In stock (14 available)
dc6f688b82e42a5b,Books,In stock (14 available)
6edacfd1f8ebb9eb,Books,In stock (14 available)
a86972014275e072,Books,In stock (14 available)
3d76bc83c6b644c9,Books,In stock (14 available)
847935fc68707426,Books,In stock (14 available)
86cbddb61ea78bb7,Books,In stock (14 available)
830fb3967c74866d,Books,In stock (14 available)
3edcccc4f341fb1a,Books,In stock (14 available)
a278db6b2b09cf9f,Books,In stock (14 available)
f9705c362f070608,Books,In stock (14 available)
85b2176b3b194030,Books,In stock (14 available)
95019eac1c0a052f,Books,In stock (14 available)
394f6d30cafc3edb,Books,In stock (14 available)
fe44cc816576c652,Books,In stock (14 available)
4c8b7540409da4ac,Books,In stock (14 available)
ac8e3949d284e9a9,Books,In stock (14 available)
71e36f33981ddb74,Books,In stock (14 available)
02b74068fa98d8a4,Books,In stock (14 available)
e34efcc824685332,Books,In stock (14 available)
132ec5e8c984adef,Books,In stock (14 available)
a6454e329f872b78,Books,In stock (14 available)
af58a74e4b2a23a0,Books,In stock (14 available)
8ecf0356a3878811,Books,In stock (14 available)
31e2e2d9cca3778f,Books,In stock (14 available)
aa35446aab16017f,Books,In stock (14 available)
24af96df0bafb925,Books,In stock (14 available)
adb5f51c2e2ab13f,Books,In stock (14 available)
a10c7515834240f3,Books,In stock (14 available)
b96fc7a0ea7d4b45,Books,In stock (14 available)
5b43cae640f2338a,Books,In stock (14 available)
d512871626a5e588,Books,In stock (14 available)
caa2e5b3fb1b2d4c,Books,In stock (14 available)
47d47155e89c8be7,Books,In stock (14 available)
137b0b2775701e11,Books,In stock (14 available)
cc82685d9f49bc2c,Books,In stock (14 available)
727bf2b86b19ad88,Books,In stock (14 available)
fbb21a2f71f4d981,Books,In stock (14 available)
b8a8ff84233f0570,Books,In stock (14 available)
6b6cd77fbc91b7a6,Books,In stock (14 available)
aeff7b87a8e83ebb,Books,In stock (14 available)
708345c9897fd7c5,Books,In stock (14 available)
2b52334fab158861,Books,In stock (14 available)
245e6bf08b8d2955,Books,In stock (14 available)
1174156c4a0eccaa,Books,In stock (14 available)
17fb5a88180f9904,Books,In stock (14 available)
f201f263d8c23f97,Books,In stock (14 available)
afa829857f82f99e,Books,In stock (14 available)
eec424a84c9e4c68,Books,In stock (14 available)
0b165bd4b9f42fd5,Books,In stock (14 available)
1d6dd0c87d90fe92,Books,In stock (14 available)
27c5968fe43cc06e,Books,In stock (14 available)
9eaf58b03a2779cc,Books,In stock (14 available)
a2bd4ca82d908442,Books,In stock (14 available)
ac4dde0d1be05de0,Books,In stock (14 available)
9194ae88379dbf1a,Books,In stock (14 available)
de4b403cb629a29f,Books,In stock (14 available)
0e94a089328be4bc,Books,In stock (14 available)
4b9d9cfe0f435788,Books,In stock (14 available)
94a958ea126cdcd5,Books,In stock (14 available)
28cf0d1c51b491e5,Books,In stock (14 available)
bf5de316a5e9a4ab,Books,In stock (14 available)
3c6fe637a0180b01,Books,In stock (14 available)
047dfa57ba0bf638,Books,In stock (14 available)
ad2887ce04583910,Books,In stock (14 available)
a01f6d368ef64dc5,Books,In stock (14 available)
33a3e0e3ffde0dcd,Books,In stock (14 available)
1b0fc9f777cad045,Books,In stock (14 available)
e2e7b683b4c15b7d,Books,In stock (14 available)
bfbb54bc8cdeed2b,Books,In stock (14 available)
5b987e54ee72525c,Books,In stock (14 available)
1e264c677d4ee4ae,Books,In stock (14 available)
8a6ec2761f91dad2,Books,In stock (14 available)
966ebb738e0f9d9b,Books,In stock (14 available)
41164b8ac02a2c42,Books,In stock (14 available)
ffdc825785c0ede8,Books,In stock (14 available)
42b0c50fc44140ec,Books,In stock (14 available)
9b65f676984c9f0c,Books,In stock (14 available)
0e0da9192a025efc,Books,In stock (14 available)
ad41c24ccac0c7ce,Books,In stock (14 available)
1fbb5f786e53a0ce,Books,In stock (14 available)
999912e63a3262ae,Books,In stock (14 available)
bf68dcb5fad3cc8c,Books,In stock (14 available)
5f22418922fa728b,Books,In stock (14 available)
16ef91b9d827859c,Books,In stock (14 available)
a80f66b254fe9eb3,Books,In stock (14 available)
5319169a72714c62,Books,In stock (14 available)
39861fc1c0845d15,Books,In stock (14 available)
63ee5bc46066a8a8,Books,In stock (14 available)
4416c474713ec1f5,Books,In stock (14 available)
cf1aa2fc02a7d1e0,Books,In stock (14 available)
01a177623cce9596,Books,In stock (14 available)
d5e0526e1ab682a3,Books,In stock (14 available)
8682c03de6a844ff,Books,In stock (14 available)
1ad06aed9349af46,Books,In stock (14 available)
ac5e0d3938caf686,Books,In stock (13 available)
c1379d3744f1dd2c,Books,In stock (14 available)
2f0213137a80d485,Books,In stock (13 available)
44d97b6707dae3f0,Books,In stock (13 available)
6e8e5626ac4d279e,Books,In stock (14 available)
077b635ff2afc578,Books,In stock (12 available)
4be9d1910f8a4e80,Books,In stock (13 available)
ce1ae197ada2aec4,Books,In stock (12 available)
4a7a25be293ad678,Books,In stock (12 available)
148715df5a02ea5e,Books,In stock (12 available)
8bbd7df8a324f31d,Books,In stock (13 available)
abdd91e96515a617,Books,In stock (12 available)
f40fea200e0c644f,Books,In stock (12 available)
ebf81a62e4798fd1,Books,In stock (12 available)
64fd010bf8d15096,Books,In stock (12 available)
8976d9161c027142,Books,In stock (12 available)
54fc03f1e1d355db,Books,In stock (12 available)
b63ea3f7a57ae099,Books,In stock (12 available)
f732d7d18a91d2ba,Books,In stock (12 available)
c6ca293d4810e0d5,Books,In stock (12 available)
3063c7e95d0bf76f,Books,In stock (12 available)
235fa48eeed11d82,Books,In stock (12 available)
14e44163678e24dc,Books,In stock (12 available)
582a21a1dbbef3cf,Books,In stock (12 available)
b8d7b3f5c7a95d65,Books,In stock (12 available)
b978c9852cde91bd,Books,In stock (12 available)
9546d537fbf99eb6,Books,In stock (12 available)
c039f5aceb093537,Books,In stock (12 available)
e7fe3bf2768602cf,Books,In stock (12 available)
81ef44fcc5f454df,Books,In stock (12 available)
db84624b151cbe06,Books,In stock (12 available)
49b24c6a41b82bd2,Books,In stock (12 available)
df7e628bad5782b4,Books,In stock (12 available)
3968e3fbf4695d7c,Books,In stock (12 available)
76319fe9d8b465a3,Books,In stock (12 available)
63343e287971bb0c,Books,In stock (12 available)
d069086944f2e330,Books,In stock (12 available)
6983328f15506cb9,Books,In stock (12 available)
a4eef523118805ef,Books,In stock (12 available)
c6a29d6df8de968c,Books,In stock (12 available)
bddc6fd036eb6279,Books,In stock (12 available)
b783ce08802cd1d1,Books,In stock (11 available)
05a61a3bd8ca4149,Books,In stock (11 available)
b06599b108e83f98,Books,In stock (11 available)
f435aa99d864077d,Books,In stock (11 available)
cf62fa272b5f0fa3,Books,In stock (11 available)
1c584f82a7a1c4f0,Books,In stock (11 available)
437d8dea9272d0a9,Books,In stock (11 available)
6159d8b187831770,Books,In stock (11 available)
985991708c47003e,Books,In stock (11 available)
515cb8fcafb1ad98,Books,In stock (11 available)
5569c3fea112718e,Books,In stock (11 available)
47e1b2d43f709995,Books,In stock (11 available)
469508882dfc1991,Books,In stock (11 available)
28b2df9fadc9f07e,Books,In stock (11 available)
f608c903c451f387,Books,In stock (11 available)
2587c54f5530dafc,Books,In stock (11 available)
c65c25d990fc7025,Books,In stock (11 available)
bade9943ee01b63f,Books,In stock (11 available)
b5953ca1f8a0b8d7,Books,In stock (11 available)
ce8666d9b42fc9a0,Books,In stock (11 available)
20dc4f1ac5d4fd9c,Books,In stock (11 available)
825d6c44da3ca5a6,Books,In stock (11 available)
96aa539bfd4c07e2,Books,In stock (10 available)
34669b2e9d407d3a,Books,In stock (10 available)
a9d7b75461084a26,Books,In stock (11 available)
40c4bf520c17de54,Books,In stock (11 available)
2b69dec0193511d9,Books,In stock (11 available)
bb967277222e689c,Books,In stock (11 available)
816180220e8cb419,Books,In stock (11 available)
2c34f9432069b52b,Books,In stock (11 available)
ab60e6f5a63e1cfb,Books,In stock (9 available)
3f25a2fedae191cc,Books,In stock (9 available)
f9c87ccb2bc4853b,Books,In stock (9 available)
ca74f2e3c35a3e77,Books,In stock (9 available)
33396269bcce166f,Books,In stock (9 available)
65cfc9f242c2984a,Books,In stock (9 available)
903a9f8090104c2c,Books,In stock (9 available)
4b50fb1359ebf35d,Books,In stock (9 available)
0967effecd292a86,Books,In stock (9 available)
4fd0a2a350f016e6,Books,In stock (9 available)
d1848064c54e01c7,Books,In stock (9 available)
e845d305f64154f1,Books,In stock (9 available)
7e9068872228c474,Books,In stock (9 available)
8fab4c4f6f82a4ce,Books,In stock (9 available)
97187f5cf0385da3,Books,In stock (9 available)
ee6c67859d70186b,Books,In stock (9 available)
6baac632f7711e26,Books,In stock (9 available)
913e7109cec0cb4c,Books,In stock (9 available)
0e095ed785af7e43,Books,In stock (9 available)
e77594ece9b9d1fe,Books,In stock (9 available)
c181ca8eabe7d18c,Books,In stock (9 available)
63d5f1651880dcea,Books,In stock (9 available)
61cf7eb9d2cd8bb0,Books,In stock (9 available)
d6d9ffea95f2f8bf,Books,In stock (9 available)
7186241e043de5dc,Books,In stock (9 available)
4f283dfcbeccc0d4,Books,In stock (8 available)
9afd00e81d6208e6,Books,In stock (8 available)
1bba4b1ba23ed2d6,Books,In stock (8 available)
5a0d2e9284004266,Books,In stock (8 available)
e0bdd79c7304ee8d,Books,In stock (8 available)
3eec766dda26fa64,Books,In stock (8 available)
bee6e93e9976f4fa,Books,In stock (8 available)
e46a164cf310fd7d,Books,In stock (8 available)
a2475a245c9907c4,Books,In stock (8 available)
331c26103d885cae,Books,In stock (8 available)
a2308a936e898d48,Books,In stock (8 available)
1809259a5a5f1d8d,Books,In stock (8 available)
b69c852e7e3956af,Books,In stock (8 available)
e77033ce559947f7,Books,In stock (8 available)
04f6c929888f4f11,Books,In stock (8 available)
c0fc0cd215ee1724,Books,In stock (8 available)
52fc458ffc756faf,Books,In stock (8 available)
aeb51dfbe8aeec59,Books,In stock (8 available)
4a823d80aa30dbb0,Books,In stock (8 available)
d56d0710668bb39c,Books,In stock (8 available)
39eefec3a8498dde,Books,In stock (8 available)
29af1a2566c4e36e,Books,In stock (8 available)
0cf57cb49272fd37,Books,In stock (8 available)
044534b0b28b4e87,Books,In stock (8 available)
9a7291b89bd5445c,Books,In stock (8 available)
c44c5e1425475206,Books,In stock (8 available)
4d3a4c7b442a9a4e,Books,In stock (8 available)
bff270fe9c86a5a9,Books,In stock (8 available)
4729afff3bea0f0a,Books,In stock (8 available)
8a150fd8ff5d7686,Books,In stock (8 available)
b7870fa6dc088fbb,Books,In stock (8 available)
0bfdef63285d3019,Books,In stock (8 available)
0ab4b35dcffcffd1,Books,In stock (8 available)
bd26e8a79a856c31,Books,In stock (8 available)
bbf1ea50be8008ab,Books,In stock (8 available)
15ebd83e53d0391b,Books,In stock (8 available)
04e3de7ac35ec5cd,Books,In stock (8 available)
77e9ea355bd8ae57,Books,In stock (8 available)
7f5157bf53065d36,Books,In stock (8 available)
e049d44c4f1cf1b2,Books,In stock (8 available)
4dbd54d9e36c9566,Books,In stock (8 available)
df6a7c43faa6732b,Books,In stock (8 available)
0c11e2d068768dbb,Books,In stock (8 available)
0ff9d10864db8364,Books,In stock (7 available)
d48c1369927ebef1,Books,In stock (8 available)
4a0b78598b42897a,Books,In stock (7 available)
4242cc3d0437db12,Books,In stock (7 available)
a94350ee74deaa07,Books,In stock (7 available)
9735c969c652dd89,Books,In stock (7 available)
48cb52d78c992487,Books,In stock (7 available)
b46d022080543144,Books,In stock (7 available)
88ec621893e595d0,Books,In stock (7 available)
f16c2edb2a603f92,Books,In stock (8 available)
fef91502cbacf23a,Books,In stock (8 available)
b1a227b7609ff263,Books,In stock (8 available)
f935412970c9f58f,Books,In stock (7 available)
9147c5251cc99eb1,Books,In stock (7 available)
47f4fd3e8e1dac05,Books,In stock (7 available)
7ffebdd1d5148aef,Books,In stock (7 available)
0345872b14f9e774,Books,In stock (7 available)
9639e89d20228e6e,Books,In stock (7 available)
a8dbf1c6b41b885a,Books,In stock (7 available)
8486f61aa81a3daa,Books,In stock (7 available)
5fbd03b1ac0a0e69,Books,In stock (7 available)
8776181be110838a,Books,In stock (7 available)
ba047a636b7d3793,Books,In stock (7 available)
20789fb17b423c4c,Books,In stock (7 available)
bd087cf6a846db75,Books,In stock (7 available)
4b8fa561a1e52d1c,Books,In stock (7 available)
d250657f0ebc5d73,Books,In stock (7 available)
24933c712f0bca2f,Books,In stock (7 available)
31c56c4d0fe19340,Books,In stock (7 available)
57f85720e54d6442,Books,In stock (7 available)
7a10353c9c54cf7c,Books,In stock (7 available)
68008abf6409dfde,Books,In stock (7 available)
c00bc29a678a6efb,Books,In stock (7 available)
2a9fcb3382d351c8,Books,In stock (7 available)
eff5710404e2ff78,Books,In stock (7 available)
4c82371b8cd02d4d,Books,In stock (7 available)
2e40333991f56f45,Books,In stock (7 available)
de6d7645f192d517,Books,In stock (7 available)
b74ee891e2a6dd69,Books,In stock (7 available)
68407606544d6f22,Books,In stock (7 available)
4e78f06160b717ac,Books,In stock (7 available)
b6670507e85b30e6,Books,In stock (7 available)
40cdcbb7692fd408,Books,In stock (7 available)
dac4b5847454fd9b,Books,In stock (7 available)
725cd8d23d78cdca,Books,In stock (7 available)
924438fc6cbec836,Books,In stock (7 available)
746029796363aa51,Books,In stock (7 available)
4807043b8218e9ce,Books,In stock (7 available)
4781b6bfd6f7a2c5,Books,In stock (7 available)
4e980425468708da,Books,In stock (7 available)
4fa75fc6829431ca,Books,In stock (7 available)
a322361a37a78d3d,Books,In stock (7 available)
2efa5a839e62b1bd,Books,In stock (6 available)
774fa432bd7d9c47,Books,In stock (6 available)
d326e189b1210916,Books,In stock (6 available)
e6635f5b0a2c78db,Books,In stock (6 available)
5ba3d703d1ae0c1d,Books,In stock (6 available)
2da5edf8b5776c9a,Books,In stock (6 available)
fd364afd082f5446,Books,In stock (6 available)
60376aa71be66083,Books,In stock (6 available)
6c7fa6844380f50a,Books,In stock (7 available)
d1378a0ad06ff979,Books,In stock (7 available)
cc1936a9f4e93477,Books,In stock (7 available)
6b52904b2ab91bf6,Books,In stock (7 available)
3d250ab0f12be445,Books,In stock (6 available)
5b546a46a86a9d8c,Books,In stock (7 available)
cb17945cb90b7837,Books,In stock (6 available)
2bc80eba94950873,Books,In stock (6 available)
eb7459e0c570251d,Books,In stock (6 available)
48736df57e7bec9f,Books,In stock (6 available)
d33824cb93ecab6f,Books,In stock (6 available)
72b5355dda190b6a,Books,In stock (6 available)
720c36b2bee4692e,Books,In stock (6 available)
6d235933670503d9,Books,In stock (6 available)
8d8e9f9b8730eb25,Books,In stock (6 available)
2a1b3d967cda1da2,Books,In stock (6 available)
6478ccb4416e6a5d,Books,In stock (6 available)
4e3b183180e2a992,Books,In stock (6 available)
97258f576d4bb672,Books,In stock (6 available)
6e06d0f00f6da20f,Books,In stock (6 available)
384c7d41d5ffe9d1,Books,In stock (6 available)
56a34d0cec11d6b0,Books,In stock (6 available)
46cb43c2ab133ccc,Books,In stock (6 available)
9e60929f521fa280,Books,In stock (6 available)
012170e4fc87ace0,Books,In stock (6 available)
f3c70d296ec796c4,Books,In stock (6 available)
faf841f81c52638b,Books,In stock (6 available)
e792c0969cefe1b8,Books,In stock (6 available)
fe0f34ebed689381,Books,In stock (6 available)
7a2b51f69e81c722,Books,In stock (6 available)
6958de044cb28a84,Books,In stock (6 available)
f38f37ed934d84b2,Books,In stock (6 available)
f701fae56b645ef7,Books,In stock (5 available)
e0b3a679b83caccc,Books,In stock (5 available)
c4589ee5977a47be,Books,In stock (5 available)
dfd9ff1f343cdaff,Books,In stock (5 available)
2e4fc5eacceec12c,Books,In stock (5 available)
93379e3a2072a01b,Books,In stock (5 available)
3213b1f13f5f0f7c,Books,In stock (5 available)
0d210d2448c3018f,Books,In stock (5 available)
abbb492978ff656d,Books,In stock (5 available)
3a7d54a264d9f33e,Books,In stock (5 available)
bc209a900101f28d,Books,In stock (5 available)
163d89116179c33f,Books,In stock (5 available)
2e5b4ff08a75fd02,Books,In stock (5 available)
60369d96b7b80869,Books,In stock (5 available)
759ee7d059b1beb8,Books,In stock (5 available)
e75f3ae1da1cc652,Books,In stock (5 available)
a2a9f76339d21ab1,Books,In stock (5 available)
fe7210553d56c097,Books,In stock (5 available)
3661360c99719414,Books,In stock (5 available)
ad84f18659e6bfe2,Books,In stock (5 available)
84126312e2431a09,Books,In stock (5 available)
59a8ae019b64f2a7,Books,In stock (5 available)
6036239d2ab349b7,Books,In stock (5 available)
1dba84766a5e87b8,Books,In stock (5 available)
84bb29c53592ac40,Books,In stock (5 available)
2973d38c2fbd7a5c,Books,In stock (5 available)
e958ae92f328c181,Books,In stock (5 available)
50d5a7b861ed1c54,Books,In stock (5 available)
b716233fcb6877e6,Books,In stock (5 available)
b228042c088b1913,Books,In stock (5 available)
c4182bdb53e2459a,Books,In stock (5 available)
fec06f52054ea900,Books,In stock (5 available)
8dde2ff3f6fcc0a3,Books,In stock (5 available)
44f545727e704187,Books,In stock (5 available)
07e6810fd3236bda,Books,In stock (5 available)
81c68492ccd72941,Books,In stock (5 available)
5e1a88d248599768,Books,In stock (5 available)
7093cf549cd2e7de,Books,In stock (5 available)
12a90b90283b2e6d,Books,In stock (5 available)
a4ce39a3720cd679,Books,In stock (5 available)
7284d85428305f5a,Books,In stock (5 available)
45045146dbf7b009,Books,In stock (5 available)
f36d24c309e87e5b,Books,In stock (5 available)
ad5e078beceaeb4a,Books,In stock (5 available)
612369a5947a012e,Books,In stock (5 available)
6c49258724f11770,Books,In stock (5 available)
b54d7416bb445989,Books,In stock (5 available)
d219d4e325e6f204,Books,In stock (5 available)
e46b1074b99ac4b6,Books,In stock (5 available)
429b4a811bef386c,Books,In stock (5 available)
1c0a38899c82b60a,Books,In stock (5 available)
bcf567421c581f0a,Books,In stock (5 available)
75cc85cdbe9ad46b,Books,In stock (5 available)
94bb629a3f6dd00b,Books,In stock (5 available)
d5ad4c92d8bf26c9,Books,In stock (5 available)
b28c7d07afa7063b,Books,In stock (5 available)
630e766f0a1987dd,Books,In stock (5 available)
3fc124f59f3068e4,Books,In stock (5 available)
3fd83dcf37bf1bc0,Books,In stock (5 available)
add33db6ff80db24,Books,In stock (5 available)
a8f4577a48023344,Books,In stock (4 available)
03cbb67c0f990d87,Books,In stock (5 available)
cf3b86489890b9f2,Books,In stock (5 available)
9cc207168a03470d,Books,In stock (4 available)
6053ddf69c967d5f,Books,In stock (4 available)
89a89e76f3516357,Books,In stock (5 available)
d4de23aa98acc65b,Books,In stock (4 available)
f2c8f4b4c94d5c5c,Books,In stock (5 available)
d9290e99f189ce84,Books,In stock (5 available)
31f5bbf4974d29c9,Books,In stock (4 available)
8930013d06942df1,Books,In stock (4 available)
9c4d061c1e2fe6bf,Books,In stock (4 available)
df53c2948b32bde3,Books,In stock (4 available)
ff2dffba388d9922,Books,In stock (4 available)
c65ee14957c0fa5c,Books,In stock (4 available)
